{
  "ri_values": [
    "3",
    "884571",
    "123",
    "883587"
  ],
  "portions": [
    "\\frac{1055}{1152}",
    "\\frac{1}{24}",
    "\\frac{1}{24}",
    "\\frac{1}{1152}"
  ],
  "total_count": "884736",
  "miss_ratio_curve": {
    "miss_ratio": [
      1.0,
      0.08420138888888899,
      0.04253472222222233,
      0.041666666666666775,
      1.1102230246251565E-16
    ],
    "turning_points": [
      0.0,
      3.0,
      13.104166666666679,
      37591.00000000009,
      37632.00000000009
    ]
  },
  "analysis_time": {
    "secs": 0,
    "nanos": 5752010
  }
}
