{
  "ri_values": [
    "75460971",
    "73172352",
    "34176",
    "384",
    "75494403",
    "3",
    "363"
  ],
  "portions": [
    "\\frac{1}{2304}",
    "\\frac{1}{1536}",
    "\\frac{21}{512}",
    "\\frac{7}{24}",
    "\\frac{1}{3072}",
    "\\frac{1919}{3072}",
    "\\frac{95}{2304}"
  ],
  "total_count": "75497472",
  "miss_ratio_curve": {
    "miss_ratio": [
      1.0,
      0.3753255208333334,
      0.33409288194444453,
      0.04242621527777789,
      0.0014105902777778886,
      0.000759548611111222,
      0.00032552083333344434,
      1.1102230246251565E-16
    ],
    "turning_points": [
      0.0,
      3.0,
      138.11718750000003,
      145.13313802083337,
      1578.7998046875036,
      104746.7998046956,
      106485.11718750835,
      106496.00000000835
    ]
  },
  "analysis_time": {
    "secs": 0,
    "nanos": 6148805
  }
}
