{
  "ri_values": [
    "3",
    "1569771",
    "3051",
    "1548291"
  ],
  "portions": [
    "\\frac{7509}{8192}",
    "\\frac{1}{24}",
    "\\frac{1}{24}",
    "\\frac{1}{24576}"
  ],
  "total_count": "1572864",
  "miss_ratio_curve": {
    "miss_ratio": [
      1.0,
      0.08337402343750011,
      0.04170735677083344,
      0.041666666666666775,
      1.1102230246251565E-16
    ],
    "turning_points": [
      0.0,
      3.0,
      257.12402343750034,
      64705.00000000017,
      65600.00000000017
    ]
  },
  "analysis_time": {
    "secs": 0,
    "nanos": 5318523
  }
}
