{
  "ri_values": [
    "23589123",
    "459",
    "480",
    "23501259",
    "3",
    "88800"
  ],
  "portions": [
    "\\frac{1}{3840}",
    "\\frac{191}{4608}",
    "\\frac{7}{24}",
    "\\frac{1}{4608}",
    "\\frac{2399}{3840}",
    "\\frac{1}{24}"
  ],
  "total_count": "23592960",
  "miss_ratio_curve": {
    "miss_ratio": [
      1.0,
      0.3752604166666669,
      0.3338107638888891,
      0.04214409722222244,
      0.0004774305555557776,
      0.0002604166666668887,
      2.220446049250313E-16
    ],
    "turning_points": [
      0.0,
      3.0,
      174.1187500000001,
      181.12877604166675,
      3903.2954427083528,
      15081.118750005218,
      15104.000000005239
    ]
  },
  "analysis_time": {
    "secs": 0,
    "nanos": 5712379
  }
}
