{
  "ri_values": [
    "23265792",
    "3",
    "4491",
    "23556099",
    "4608"
  ],
  "portions": [
    "\\frac{1}{24}",
    "\\frac{23039}{36864}",
    "\\frac{1}{24}",
    "\\frac{1}{36864}",
    "\\frac{7}{24}"
  ],
  "total_count": "23592960",
  "miss_ratio_curve": {
    "miss_ratio": [
      1.0,
      0.3750271267361112,
      0.33336046006944453,
      0.04169379340277789,
      0.000027126736111222132,
      1.1102230246251565E-16
    ],
    "turning_points": [
      0.0,
      3.0,
      1686.1217447916672,
      1725.1249186197922,
      971572.1249186223,
      971580.0000000026
    ]
  },
  "analysis_time": {
    "secs": 0,
    "nanos": 5628736
  }
}
