{
  "ri_values": [
    "747",
    "43776",
    "792767232",
    "805300227",
    "805257963",
    "768",
    "3"
  ],
  "portions": [
    "\\frac{21}{512}",
    "\\frac{85}{2048}",
    "\\frac{1}{6144}",
    "\\frac{1}{6144}",
    "\\frac{1}{1536}",
    "\\frac{7}{24}",
    "\\frac{3839}{6144}"
  ],
  "total_count": "805306368",
  "miss_ratio_curve": {
    "miss_ratio": [
      1.0,
      0.37516276041666685,
      0.33414713541666685,
      0.04248046875000022,
      0.000976562500000222,
      0.0008138020833335553,
      0.0001627604166668887,
      2.220446049250313E-16
    ],
    "turning_points": [
      0.0,
      3.0,
      282.1210937500001,
      289.1381835937501,
      2116.1381835937595,
      776260.1381837698,
      786425.1210939288,
      786432.0000001788
    ]
  },
  "analysis_time": {
    "secs": 0,
    "nanos": 5837044
  }
}
