{
  "ri_values": [
    "3",
    "792772395",
    "171",
    "805257387",
    "48939",
    "805304835"
  ],
  "portions": [
    "\\frac{469}{512}",
    "\\frac{1}{6144}",
    "\\frac{85}{2048}",
    "\\frac{1}{6144}",
    "\\frac{85}{2048}",
    "\\frac{1}{1536}"
  ],
  "total_count": "805306368",
  "miss_ratio_curve": {
    "miss_ratio": [
      1.0,
      0.08398437500000011,
      0.04248046875000011,
      0.000976562500000111,
      0.0008138020833334443,
      0.0006510416666667777,
      1.1102230246251565E-16
    ],
    "turning_points": [
      0.0,
      3.0,
      17.109375000000018,
      2088.7968750000055,
      776232.796875088,
      786393.1093750894,
      786424.0000000894
    ]
  },
  "analysis_time": {
    "secs": 0,
    "nanos": 5222130
  }
}
