{
  "ri_values": [
    "2",
    "33554402",
    "33296258",
    "3970"
  ],
  "portions": [
    "\\frac{119}{128}",
    "\\frac{1}{16}",
    "\\frac{1}{8192}",
    "\\frac{63}{8192}"
  ],
  "total_count": "33554432",
  "miss_ratio_curve": {
    "miss_ratio": [
      1.0,
      0.0703125,
      0.0626220703125,
      0.0625,
      0.0
    ],
    "turning_points": [
      0.0,
      2.0,
      281.0,
      2085113.0,
      2101247.0
    ]
  },
  "analysis_time": {
    "secs": 0,
    "nanos": 5639166
  }
}
