{
  "ri_values": [
    "794296131",
    "415234584",
    "24",
    "24",
    "3",
    "803782467",
    "12581400",
    "1572675",
    "3",
    "48963"
  ],
  "portions": [
    "\\frac{1}{1536}",
    "\\frac{1}{6144}",
    "\\frac{7}{192}",
    "\\frac{7}{24}",
    "\\frac{7}{192}",
    "\\frac{1}{6144}",
    "\\frac{31}{6144}",
    "\\frac{7}{1536}",
    "\\frac{119}{192}",
    "\\frac{31}{6144}"
  ],
  "total_count": "805306368",
  "miss_ratio_curve": {
    "miss_ratio": [
      1.0000000000000002,
      0.34375000000000017,
      0.015625000000000222,
      0.010579427083333554,
      0.006022135416666888,
      0.000976562500000222,
      0.0008138020833335553,
      0.0001627604166668887,
      2.220446049250313E-16
    ],
    "turning_points": [
      0.0,
      3.000000000000001,
      10.218750000000004,
      774.8906250000109,
      16894.89062500035,
      83190.92333984654,
      476406.92333993595,
      784888.0000001764,
      786432.0000001785
    ]
  },
  "analysis_time": {
    "secs": 0,
    "nanos": 5432808
  }
}
