{
  "ri_values": [
    "10755",
    "192",
    "147",
    "23590080",
    "282771",
    "3",
    "23308803"
  ],
  "portions": [
    "\\frac{23}{36864}",
    "\\frac{7}{24}",
    "\\frac{21}{512}",
    "\\frac{1}{24}",
    "\\frac{1}{1536}",
    "\\frac{959}{1536}",
    "\\frac{1}{36864}"
  ],
  "total_count": "23592960",
  "miss_ratio_curve": {
    "miss_ratio": [
      1.0,
      0.37565104166666674,
      0.33463541666666674,
      0.042968750000000104,
      0.04234483506944455,
      0.04169379340277789,
      0.041666666666666775,
      1.1102230246251565E-16
    ],
    "turning_points": [
      0.0,
      3.0,
      57.093750000000014,
      72.15234375000001,
      526.0312500000011,
      12044.503906250031,
      972087.1250000026,
      983807.0000000026
    ]
  },
  "analysis_time": {
    "secs": 0,
    "nanos": 5669607
  }
}
