{
  "ri_values": [
    "3",
    "3",
    "1548291",
    "1572819",
    "24387",
    "3"
  ],
  "portions": [
    "\\frac{175}{192}",
    "\\frac{127}{24576}",
    "\\frac{1}{24576}",
    "\\frac{1}{24}",
    "\\frac{1}{192}",
    "\\frac{7}{192}"
  ],
  "total_count": "1572864",
  "miss_ratio_curve": {
    "miss_ratio": [
      1.0,
      0.046915690104166775,
      0.04170735677083344,
      0.041666666666666775,
      1.1102230246251565E-16
    ],
    "turning_points": [
      0.0,
      3.0,
      1146.9921875000027,
      64705.00000000016,
      65727.00000000016
    ]
  },
  "analysis_time": {
    "secs": 0,
    "nanos": 5698438
  }
}
