{
  "ri_values": [
    "3",
    "884691",
    "7683",
    "1347",
    "3",
    "876867"
  ],
  "portions": [
    "\\frac{21}{512}",
    "\\frac{1}{24}",
    "\\frac{1}{1536}",
    "\\frac{5}{1152}",
    "\\frac{175}{192}",
    "\\frac{1}{1152}"
  ],
  "total_count": "884736",
  "miss_ratio_curve": {
    "miss_ratio": [
      1.0,
      0.04752604166666677,
      0.04318576388888899,
      0.04253472222222233,
      0.041666666666666775,
      1.1102230246251565E-16
    ],
    "turning_points": [
      0.0,
      3.0,
      66.87500000000014,
      340.5000000000008,
      37311.000000000095,
      37637.000000000095
    ]
  },
  "analysis_time": {
    "secs": 0,
    "nanos": 5257232
  }
}
