{
  "ri_values": [
    "3",
    "30531",
    "3",
    "23563587",
    "24",
    "1347",
    "24",
    "735768",
    "22886211"
  ],
  "portions": [
    "\\frac{119}{192}",
    "\\frac{23}{4608}",
    "\\frac{7}{192}",
    "\\frac{1}{3840}",
    "\\frac{7}{24}",
    "\\frac{19}{3840}",
    "\\frac{7}{192}",
    "\\frac{1}{192}",
    "\\frac{1}{4608}"
  ],
  "total_count": "23592960",
  "miss_ratio_curve": {
    "miss_ratio": [
      1.0,
      0.34374999999999994,
      0.015625,
      0.010677083333333334,
      0.005685763888888889,
      0.00047743055555555554,
      0.00026041666666666666,
      0.0
    ],
    "turning_points": [
      0.0,
      3.0,
      10.21875,
      30.890625,
      342.490625,
      4352.301692708334,
      14927.6,
      15104.0
    ]
  },
  "analysis_time": {
    "secs": 0,
    "nanos": 5568213
  }
}
