{
  "ri_values": [
    "75312963",
    "73334595",
    "3",
    "2357784",
    "24",
    "196419",
    "58980888",
    "24",
    "3",
    "12099"
  ],
  "portions": [
    "\\frac{1}{3072}",
    "\\frac{1}{2304}",
    "\\frac{119}{192}",
    "\\frac{7}{1536}",
    "\\frac{7}{24}",
    "\\frac{11}{2304}",
    "\\frac{1}{1536}",
    "\\frac{7}{192}",
    "\\frac{7}{192}",
    "\\frac{5}{1024}"
  ],
  "total_count": "75497472",
  "miss_ratio_curve": {
    "miss_ratio": [
      1.0,
      0.34374999999999994,
      0.015625,
      0.0107421875,
      0.005967881944444444,
      0.0014105902777777775,
      0.000759548611111111,
      0.0003255208333333333,
      0.0
    ],
    "turning_points": [
      0.0,
      3.0,
      10.21875,
      198.890625,
      2178.890625,
      15077.661783854166,
      94949.66178385416,
      105851.99999999999,
      106495.99999999999
    ]
  },
  "analysis_time": {
    "secs": 0,
    "nanos": 6115074
  }
}
