{
  "ri_values": [
    "12581523",
    "393027",
    "147",
    "3",
    "793116483",
    "415234707",
    "3",
    "804962115",
    "48963"
  ],
  "portions": [
    "\\frac{31}{6144}",
    "\\frac{31}{6144}",
    "\\frac{7}{192}",
    "\\frac{175}{192}",
    "\\frac{1}{6144}",
    "\\frac{1}{6144}",
    "\\frac{7}{192}",
    "\\frac{1}{1536}",
    "\\frac{7}{1536}"
  ],
  "total_count": "805306368",
  "miss_ratio_curve": {
    "miss_ratio": [
      1.0000000000000002,
      0.05208333333333355,
      0.015625000000000222,
      0.011067708333333554,
      0.006022135416666888,
      0.000976562500000222,
      0.0008138020833335553,
      0.0006510416666668887,
      2.220446049250313E-16
    ],
    "turning_points": [
      0.0,
      3.000000000000001,
      10.500000000000032,
      773.2500000000108,
      4581.250000000086,
      77982.02343750278,
      471198.0234375922,
      778719.000000176,
      786431.0000001787
    ]
  },
  "analysis_time": {
    "secs": 0,
    "nanos": 5679008
  }
}
